{
    "prime": 10.239959789157341,
    "established": 8.699514748210191,
    "high_density": 7.90100705199242,
    "developing_commuter": 8.070906088787819,
    "industrial_traffic": 8.517193191416238,
    "satellite_hub": 7.313220387090301,
    "other": 8.790964794766815
}