{
    "Developing_Commuter": 0.8127450540254832,
    "Established": 1.121646112033366,
    "High_Density": 1.0509382070150999,
    "Industrial_Traffic": 0.9591925903400943,
    "Prime": 1.0144699607795562,
    "Satellite_Hub": 0.8362233471382191,
    "other": 1.0224254184384
}