{
    "Developing_Commuter": 8.070906088787819,
    "Established": 8.612503371220562,
    "High_Density": 7.90100705199242,
    "Industrial_Traffic": 8.517193191416238,
    "Prime": 10.239959789157341,
    "Satellite_Hub": 7.313220387090301,
    "other": 8.909143963330443
}