{
    "developing_commuter": 8.006367567650246,
    "established": 8.85366542803745,
    "high_density": 7.90100705199242,
    "industrial_traffic": 8.517193191416238,
    "other": 7.696212639346407,
    "prime": 10.150347630467653,
    "satellite_hub": 7.313220387090301
}