{
    "median": 8.411832675758411,
    "std": 1.188330307750969
}