{
    "median": 8.411832675758411,
    "std": 1.1869759608671686
}