{
    "Abelemkpe": 8.987196820661973,
    "Ablekuma": 7.600902459542082,
    "Abokobi": 7.824046010856292,
    "Accra Metropolitan": 8.987196820661973,
    "Achimota": 8.242756345714477,
    "Adabraka": 8.294049640102028,
    "Adenta": 7.824046010856292,
    "Adjiriganor": 9.047821442478408,
    "Agbogba": 8.006367567650246,
    "Airport Residential Area": 10.232765420431292,
    "Alajo": 7.824046010856292,
    "Amrahia": 7.54822220171317,
    "Anyaa": 7.600902459542082,
    "Ashaiman Municipal": 8.006367567650246,
    "Ashaley Botwe": 8.411832675758411,
    "Ashomang Estate": 8.13487160028373,
    "Asylum Down": 8.779557455883728,
    "Awoshie": 7.600902459542082,
    "Burma Camp": 8.632749051897932,
    "Cantonments": 10.735308535759934,
    "Circle": 7.600902459542082,
    "Danfa": 7.438383530044307,
    "Dansoman": 7.696212639346407,
    "Darkuman": 7.824046010856292,
    "Dodowa": 6.9554103688843,
    "Dome": 8.006367567650246,
    "Dzorwulu": 9.95227771670556,
    "East Legon": 9.546812608597396,
    "Ga East Municipal": 8.006367567650246,
    "Ga South Municipal": 7.3777589082278725,
    "Ga West Municipal": 7.600902459542082,
    "Gbawe": 7.7601293251013495,
    "Haatso": 8.294049640102028,
    "Kaneshie": 8.294049640102028,
    "Kasoa": 7.090076835776092,
    "Kokomlemle": 9.079657989908979,
    "Korle Gonno": 7.600902459542082,
    "Kotobabi": 7.992282129166899,
    "Kwashieman": 7.600902459542082,
    "Labadi": 8.517193191416238,
    "Labone": 10.742782938097337,
    "Lapaz": 7.600902459542082,
    "Lartebiokorshie": 7.824046010856292,
    "Madina": 7.495541943884256,
    "Mamprobi": 6.973269410185339,
    "Mataheko": 7.824046010856292,
    "McCarthy Hill": 7.824046010856292,
    "Nii Boi Town": 7.476671779892833,
    "Nima": 10.373237211041646,
    "Ningo-Prampram": 7.600902459542082,
    "North Industrial Area": 8.160518247477505,
    "North Legon": 8.948975607841776,
    "Nungua": 7.466962736964282,
    "Odorkor": 8.006367567650246,
    "Ofankor": 7.937374696163295,
    "Old Ashomang": 7.992282129166899,
    "Osu": 9.55125708230602,
    "Other": 9.169518377455928,
    "Oyarifa": 8.160518247477505,
    "Oyibi": 7.313220387090301,
    "Pokuase": 7.600902459542082,
    "Ridge": 10.38591370178042,
    "Roman Ridge": 10.254045227640688,
    "Santa Maria": 6.907755278982137,
    "Sowutwuom": 7.824046010856292,
    "Spintex": 8.85366542803745,
    "Taifa-Burkina": 7.824046010856292,
    "Tantra Hills": 8.612503371220562,
    "Tema Metropolitan": 8.294049640102028,
    "Tesano": 9.29647598244641,
    "Teshie": 8.294049640102028,
    "Weija": 7.696212639346407,
    "West Legon": 8.85366542803745
}