{
    "abelemkpe": 8.987196820661973,
    "ablekuma": 7.600902459542082,
    "abokobi station": 7.824046010856292,
    "accra": 9.169518377455928,
    "accra metropolitan": 8.987196820661973,
    "achimota": 8.242756345714477,
    "adabraka": 8.294049640102028,
    "adenta": 7.824046010856292,
    "adjiriganor": 9.047821442478408,
    "agbogba": 8.006367567650246,
    "airport residential area": 10.232765420431292,
    "alajo": 7.824046010856292,
    "amrahia": 7.54822220171317,
    "anyaa market": 7.600902459542082,
    "ashaiman municipal": 8.006367567650246,
    "ashaley botwe": 8.411832675758411,
    "ashomang estate": 8.13487160028373,
    "asylum down": 8.779557455883728,
    "awoshie": 7.600902459542082,
    "burma camp": 8.632749051897932,
    "cantonments": 10.735308535759934,
    "danfa": 7.438383530044307,
    "dansoman": 7.696212639346407,
    "darkuman": 7.824046010856292,
    "dodowa": 6.9554103688843,
    "dome market": 8.006367567650246,
    "dzorwulu": 9.95227771670556,
    "east legon": 9.546812608597396,
    "ga east municipal": 8.006367567650246,
    "ga south municipal": 7.3777589082278725,
    "ga west municipal": 7.600902459542082,
    "gbawe": 7.7601293251013495,
    "greater accra regional hospital": 10.38591370178042,
    "haatso": 8.294049640102028,
    "kaneshie": 8.294049640102028,
    "kasoa": 7.090076835776092,
    "kokomlemle": 9.079657989908979,
    "korle gonno": 7.600902459542082,
    "kotobabi": 7.992282129166899,
    "kwashieman": 7.600902459542082,
    "labadi": 8.517193191416238,
    "labone": 10.742782938097337,
    "lapaz": 7.600902459542082,
    "lartebiokorshie": 7.824046010856292,
    "madina": 7.495541943884256,
    "mamprobi": 6.973269410185339,
    "mataheko": 7.824046010856292,
    "mccarthy hill": 7.824046010856292,
    "nii boi town": 7.476671779892833,
    "nima": 10.373237211041646,
    "ningo prampram": 7.600902459542082,
    "nkrumah circle": 7.600902459542082,
    "north industrial area": 8.160518247477505,
    "north legon": 8.948975607841776,
    "nungua central": 7.466962736964282,
    "odorkor": 8.006367567650246,
    "ofankor": 7.937374696163295,
    "old ashomang": 7.992282129166899,
    "osu": 9.55125708230602,
    "oyarifa": 8.160518247477505,
    "oyibi": 7.313220387090301,
    "pokuase": 7.600902459542082,
    "roman ridge": 10.254045227640688,
    "santa maria": 6.907755278982137,
    "sowutwuom": 7.824046010856292,
    "spintex": 8.85366542803745,
    "taifa burkina": 7.824046010856292,
    "tantra hills": 8.612503371220562,
    "tema metropolitan": 8.294049640102028,
    "tesano": 9.29647598244641,
    "teshie": 8.294049640102028,
    "weija": 7.696212639346407,
    "west legon": 8.85366542803745
}