{
    "abelemkpe": 2.0365605397074056,
    "ablekuma": 0.5500463369192721,
    "abokobi station": 0.9808292530117262,
    "accra": 1.1644187320690556,
    "accra metropolitan": 1.4919694614669012,
    "achimota": 1.863218433210199,
    "adabraka": 0.0,
    "adenta": 0.8556661100577205,
    "adjiriganor": 1.5040773967762746,
    "agbogba": 0.8754687373538994,
    "airport residential area": 1.1355839794990192,
    "alajo": 0.503725755135565,
    "amrahia": 1.203972804325936,
    "anyaa market": 0.7339691750802002,
    "ashaiman municipal": 1.09861228866811,
    "ashaley botwe": 1.163150809805681,
    "ashomang estate": 0.7992277078224239,
    "asylum down": 2.0794415416798353,
    "awoshie": 0.5108256237659905,
    "burma camp": 1.3529115129637592,
    "cantonments": 0.6014477628175428,
    "danfa": 0.7194873094744016,
    "dansoman": 1.1239300966523995,
    "darkuman": 1.1568174645903149,
    "dodowa": 0.8020685549811555,
    "dome market": 0.7996937882903001,
    "dzorwulu": 1.5235806711005608,
    "east legon": 1.3121863889661682,
    "ga east municipal": 1.1769391936907976,
    "ga south municipal": 0.6931858126233195,
    "ga west municipal": 1.203972804325936,
    "gbawe": 0.6346360893421812,
    "greater accra regional hospital": 0.5728338151937873,
    "haatso": 0.6931471805599454,
    "kaneshie": 1.6306025159642754,
    "kasoa": 0.7576857016975165,
    "kokomlemle": 0.7695978339511882,
    "korle gonno": 0.0,
    "kotobabi": 0.5815754049028401,
    "kwashieman": 1.1717035437571521,
    "labadi": 1.296682202430203,
    "labone": 0.5432945067644255,
    "lapaz": 0.6931471805599445,
    "lartebiokorshie": 0.7045256741212533,
    "madina": 1.0715391069831304,
    "mamprobi": 0.6475667913614567,
    "mataheko": 0.9162907318741551,
    "mccarthy hill": 1.09861228866811,
    "nii boi town": 0.8545454883421391,
    "nima": 0.22339752205442664,
    "ningo prampram": 0.8472978603872034,
    "nkrumah circle": 0.6608779199911599,
    "north industrial area": 1.280933845462065,
    "north legon": 1.1105788137607053,
    "nungua central": 1.2142252985385529,
    "odorkor": 1.5492948294968496,
    "ofankor": 0.5357882429843412,
    "old ashomang": 0.7143755900369779,
    "osu": 1.5010221718063352,
    "oyarifa": 1.0296194171811583,
    "oyibi": 1.1414810990480708,
    "pokuase": 0.6931471805599445,
    "roman ridge": 0.8156771007106975,
    "santa maria": 1.0278625075312595,
    "sowutwuom": 0.5798184952529422,
    "spintex": 1.2683908262507373,
    "taifa burkina": 1.1160218008999019,
    "tantra hills": 1.1068097443738587,
    "tema metropolitan": 1.163150809805681,
    "tesano": 0.9526590645465998,
    "teshie": 1.8135699178391942,
    "weija": 0.8472978603872034,
    "west legon": 1.203972804325936
}