{
    "abelemkpe": {
        "loc_std_dev": 1.1866901751384789,
        "loc_trust_score": 0.5370370370370371,
        "loc_tier_code": 2
    },
    "ablekuma": {
        "loc_std_dev": 0.7766518174858581,
        "loc_trust_score": 0.7767857142857143,
        "loc_tier_code": 3
    },
    "abokobi": {
        "loc_std_dev": 0.9377806908216963,
        "loc_trust_score": 0.5901639344262295,
        "loc_tier_code": 2
    },
    "accra metropolitan": {
        "loc_std_dev": 1.0007997323387192,
        "loc_trust_score": 0.9320652173913043,
        "loc_tier_code": 3
    },
    "achimota": {
        "loc_std_dev": 1.1014009923983823,
        "loc_trust_score": 0.8721227621483376,
        "loc_tier_code": 3
    },
    "adabraka": {
        "loc_std_dev": 1.188330307750969,
        "loc_trust_score": 0.0196078431372549,
        "loc_tier_code": 0
    },
    "adenta": {
        "loc_std_dev": 0.7248153199367879,
        "loc_trust_score": 0.9340369393139841,
        "loc_tier_code": 3
    },
    "adjiriganor": {
        "loc_std_dev": 0.9522352601290662,
        "loc_trust_score": 0.9,
        "loc_tier_code": 3
    },
    "agbogba": {
        "loc_std_dev": 0.8772364328029392,
        "loc_trust_score": 0.5145631067961165,
        "loc_tier_code": 2
    },
    "airport residential area": {
        "loc_std_dev": 0.8650184891112742,
        "loc_trust_score": 1.0,
        "loc_tier_code": 3
    },
    "alajo": {
        "loc_std_dev": 1.0769282786255074,
        "loc_trust_score": 0.13793103448275862,
        "loc_tier_code": 0
    },
    "amrahia": {
        "loc_std_dev": 1.0852020707255998,
        "loc_trust_score": 0.34210526315789475,
        "loc_tier_code": 1
    },
    "anyaa": {
        "loc_std_dev": 1.0130865359794763,
        "loc_trust_score": 0.3670886075949367,
        "loc_tier_code": 1
    },
    "ashaiman municipal": {
        "loc_std_dev": 1.0745133529885293,
        "loc_trust_score": 0.6688741721854304,
        "loc_tier_code": 2
    },
    "ashaley botwe": {
        "loc_std_dev": 0.8452754951333499,
        "loc_trust_score": 0.9079189686924494,
        "loc_tier_code": 3
    },
    "ashomang estate": {
        "loc_std_dev": 0.8208216230139775,
        "loc_trust_score": 0.6951219512195121,
        "loc_tier_code": 2
    },
    "asylum down": {
        "loc_std_dev": 1.2125959736200838,
        "loc_trust_score": 0.09090909090909091,
        "loc_tier_code": 0
    },
    "awoshie": {
        "loc_std_dev": 0.9698265057124222,
        "loc_trust_score": 0.4186046511627907,
        "loc_tier_code": 1
    },
    "burma camp": {
        "loc_std_dev": 1.068763158347509,
        "loc_trust_score": 0.40476190476190477,
        "loc_tier_code": 1
    },
    "cantonments": {
        "loc_std_dev": 0.5032994233087195,
        "loc_trust_score": 1.0,
        "loc_tier_code": 3
    },
    "circle": {
        "loc_std_dev": 1.1642615784452586,
        "loc_trust_score": 0.05660377358490566,
        "loc_tier_code": 0
    },
    "danfa": {
        "loc_std_dev": 0.9306637264200707,
        "loc_trust_score": 0.358974358974359,
        "loc_tier_code": 1
    },
    "dansoman": {
        "loc_std_dev": 0.937264079062712,
        "loc_trust_score": 0.7695852534562212,
        "loc_tier_code": 3
    },
    "darkuman": {
        "loc_std_dev": 1.1590925276901658,
        "loc_trust_score": 0.12280701754385964,
        "loc_tier_code": 0
    },
    "dodowa": {
        "loc_std_dev": 1.0395197307935797,
        "loc_trust_score": 0.34210526315789475,
        "loc_tier_code": 1
    },
    "dome": {
        "loc_std_dev": 0.7475025425682357,
        "loc_trust_score": 0.8533724340175953,
        "loc_tier_code": 3
    },
    "dzorwulu": {
        "loc_std_dev": 1.0112696289926824,
        "loc_trust_score": 0.7695852534562212,
        "loc_tier_code": 3
    },
    "east legon": {
        "loc_std_dev": 0.9485776434265982,
        "loc_trust_score": 0.9651810584958217,
        "loc_tier_code": 3
    },
    "ga east municipal": {
        "loc_std_dev": 1.0063878428158903,
        "loc_trust_score": 0.7237569060773481,
        "loc_tier_code": 2
    },
    "ga south municipal": {
        "loc_std_dev": 0.8201139572338332,
        "loc_trust_score": 0.6296296296296297,
        "loc_tier_code": 2
    },
    "ga west municipal": {
        "loc_std_dev": 0.8851408542469685,
        "loc_trust_score": 0.8727735368956743,
        "loc_tier_code": 3
    },
    "gbawe": {
        "loc_std_dev": 0.8966970102287211,
        "loc_trust_score": 0.5689655172413793,
        "loc_tier_code": 2
    },
    "haatso": {
        "loc_std_dev": 0.7648809802459067,
        "loc_trust_score": 0.7942386831275721,
        "loc_tier_code": 3
    },
    "kaneshie": {
        "loc_std_dev": 1.178793680070048,
        "loc_trust_score": 0.2857142857142857,
        "loc_tier_code": 1
    },
    "kasoa": {
        "loc_std_dev": 0.7193140864957893,
        "loc_trust_score": 0.8546511627906976,
        "loc_tier_code": 3
    },
    "kokomlemle": {
        "loc_std_dev": 1.156896637836255,
        "loc_trust_score": 0.10714285714285714,
        "loc_tier_code": 0
    },
    "korle gonno": {
        "loc_std_dev": 1.188330307750969,
        "loc_trust_score": 0.0196078431372549,
        "loc_tier_code": 0
    },
    "kotobabi": {
        "loc_std_dev": 1.0799921134140713,
        "loc_trust_score": 0.1935483870967742,
        "loc_tier_code": 0
    },
    "kwashieman": {
        "loc_std_dev": 1.1047251658369748,
        "loc_trust_score": 0.23076923076923078,
        "loc_tier_code": 0
    },
    "labadi": {
        "loc_std_dev": 0.9894298737556497,
        "loc_trust_score": 0.5798319327731093,
        "loc_tier_code": 2
    },
    "labone": {
        "loc_std_dev": 0.6429751530884334,
        "loc_trust_score": 1.0,
        "loc_tier_code": 3
    },
    "lapaz": {
        "loc_std_dev": 0.8607984030734878,
        "loc_trust_score": 0.6240601503759399,
        "loc_tier_code": 2
    },
    "lartebiokorshie": {
        "loc_std_dev": 1.1838562214060098,
        "loc_trust_score": 0.18032786885245902,
        "loc_tier_code": 0
    },
    "madina": {
        "loc_std_dev": 1.0239245230939849,
        "loc_trust_score": 0.5867768595041323,
        "loc_tier_code": 2
    },
    "mamprobi": {
        "loc_std_dev": 1.1034331002770488,
        "loc_trust_score": 0.16666666666666666,
        "loc_tier_code": 0
    },
    "mataheko": {
        "loc_std_dev": 1.1595990971572265,
        "loc_trust_score": 0.09090909090909091,
        "loc_tier_code": 0
    },
    "mccarthy hill": {
        "loc_std_dev": 1.1034014042159277,
        "loc_trust_score": 0.20634920634920634,
        "loc_tier_code": 0
    },
    "nii boi town": {
        "loc_std_dev": 1.1409402775379343,
        "loc_trust_score": 0.07407407407407407,
        "loc_tier_code": 0
    },
    "nima": {
        "loc_std_dev": 1.154776519202467,
        "loc_trust_score": 0.038461538461538464,
        "loc_tier_code": 0
    },
    "ningo prampram": {
        "loc_std_dev": 1.0660838006912707,
        "loc_trust_score": 0.2753623188405797,
        "loc_tier_code": 1
    },
    "north industrial area": {
        "loc_std_dev": 1.1079569360577,
        "loc_trust_score": 0.3333333333333333,
        "loc_tier_code": 1
    },
    "north legon": {
        "loc_std_dev": 0.9051934130710309,
        "loc_trust_score": 0.6323529411764706,
        "loc_tier_code": 2
    },
    "nungua": {
        "loc_std_dev": 0.8847111469550134,
        "loc_trust_score": 0.6527777777777778,
        "loc_tier_code": 2
    },
    "odorkor": {
        "loc_std_dev": 1.1801802884241828,
        "loc_trust_score": 0.18032786885245902,
        "loc_tier_code": 0
    },
    "ofankor": {
        "loc_std_dev": 0.8076551625076627,
        "loc_trust_score": 0.609375,
        "loc_tier_code": 2
    },
    "old ashomang": {
        "loc_std_dev": 1.087297589520278,
        "loc_trust_score": 0.1935483870967742,
        "loc_tier_code": 0
    },