{
    "abelemkpe": {
        "loc_std_dev": 1.186063162692275,
        "loc_trust_score": 0.5370370370370371,
        "loc_tier_code": 2
    },
    "ablekuma": {
        "loc_std_dev": 0.7763495079135813,
        "loc_trust_score": 0.7767857142857143,
        "loc_tier_code": 3
    },
    "abokobi station": {
        "loc_std_dev": 0.9372256306234175,
        "loc_trust_score": 0.5901639344262295,
        "loc_tier_code": 2
    },
    "accra": {
        "loc_std_dev": 1.121997721677226,
        "loc_trust_score": 0.23076923076923078,
        "loc_tier_code": 1
    },
    "accra metropolitan": {
        "loc_std_dev": 1.001269599152879,
        "loc_trust_score": 0.931787175989086,
        "loc_tier_code": 3
    },
    "achimota": {
        "loc_std_dev": 1.1012278022597888,
        "loc_trust_score": 0.8721227621483376,
        "loc_tier_code": 3
    },
    "adabraka": {
        "loc_std_dev": 1.1869759608671686,
        "loc_trust_score": 0.0196078431372549,
        "loc_tier_code": 1
    },
    "adenta": {
        "loc_std_dev": 0.7247259830711019,
        "loc_trust_score": 0.9340369393139841,
        "loc_tier_code": 3
    },
    "adjiriganor": {
        "loc_std_dev": 0.9529731993428504,
        "loc_trust_score": 0.8997995991983968,
        "loc_tier_code": 3
    },
    "agbogba": {
        "loc_std_dev": 0.8765789828593467,
        "loc_trust_score": 0.5145631067961165,
        "loc_tier_code": 2
    },
    "airport residential area": {
        "loc_std_dev": 0.8679067734982703,
        "loc_trust_score": 1.0,
        "loc_tier_code": 3
    },
    "alajo": {
        "loc_std_dev": 1.075760738208438,
        "loc_trust_score": 0.13793103448275862,
        "loc_tier_code": 1
    },
    "amrahia": {
        "loc_std_dev": 1.084311053038889,
        "loc_trust_score": 0.34210526315789475,
        "loc_tier_code": 1
    },
    "anyaa market": {
        "loc_std_dev": 1.0122293544074505,
        "loc_trust_score": 0.3670886075949367,
        "loc_tier_code": 1
    },
    "ashaiman municipal": {
        "loc_std_dev": 1.0740648937554829,
        "loc_trust_score": 0.6688741721854304,
        "loc_tier_code": 2
    },
    "ashaley botwe": {
        "loc_std_dev": 0.8451507854755413,
        "loc_trust_score": 0.9079189686924494,
        "loc_tier_code": 3
    },
    "ashomang estate": {
        "loc_std_dev": 0.8204087123786725,
        "loc_trust_score": 0.6951219512195121,
        "loc_tier_code": 2
    },
    "asylum down": {
        "loc_std_dev": 1.2113647491802653,
        "loc_trust_score": 0.09090909090909091,
        "loc_tier_code": 1
    },
    "awoshie": {
        "loc_std_dev": 0.9690390947334686,
        "loc_trust_score": 0.4186046511627907,
        "loc_tier_code": 1
    },
    "burma camp": {
        "loc_std_dev": 1.067956999488104,
        "loc_trust_score": 0.40476190476190477,
        "loc_tier_code": 1
    },
    "cantonments": {
        "loc_std_dev": 0.5067603052978433,
        "loc_trust_score": 1.0,
        "loc_tier_code": 3
    },
    "danfa": {
        "loc_std_dev": 0.9297955553407115,
        "loc_trust_score": 0.358974358974359,
        "loc_tier_code": 1
    },
    "dansoman": {
        "loc_std_dev": 0.9369520175687487,
        "loc_trust_score": 0.7695852534562212,
        "loc_tier_code": 3
    },
    "darkuman": {
        "loc_std_dev": 1.1579045041078848,
        "loc_trust_score": 0.12280701754385964,
        "loc_tier_code": 1
    },
    "dodowa": {
        "loc_std_dev": 1.0386287131068688,
        "loc_trust_score": 0.34210526315789475,
        "loc_tier_code": 1
    },
    "dome market": {
        "loc_std_dev": 0.7473039579811681,
        "loc_trust_score": 0.8533724340175953,
        "loc_tier_code": 3
    },
    "dzorwulu": {
        "loc_std_dev": 1.0132763922428702,
        "loc_trust_score": 0.7685185185185185,
        "loc_tier_code": 3
    },
    "east legon": {
        "loc_std_dev": 0.9491452707032463,
        "loc_trust_score": 0.9649859943977591,
        "loc_tier_code": 3
    },
    "ga east municipal": {
        "loc_std_dev": 1.0060137138424647,
        "loc_trust_score": 0.7237569060773481,
        "loc_tier_code": 2
    },
    "ga south municipal": {
        "loc_std_dev": 0.8234427955216024,
        "loc_trust_score": 0.6268656716417911,
        "loc_tier_code": 2
    },
    "ga west municipal": {
        "loc_std_dev": 0.8849685454831262,
        "loc_trust_score": 0.8727735368956743,
        "loc_tier_code": 3
    },
    "gbawe": {
        "loc_std_dev": 0.8961132400201863,
        "loc_trust_score": 0.5689655172413793,
        "loc_tier_code": 2
    },
    "greater accra regional hospital": {
        "loc_std_dev": 0.8655240050723783,
        "loc_trust_score": 0.43820224719101125,
        "loc_tier_code": 1
    },
    "haatso": {
        "loc_std_dev": 0.7615979360030828,
        "loc_trust_score": 0.7933884297520661,
        "loc_tier_code": 3
    },
    "kaneshie": {
        "loc_std_dev": 1.1778262894387619,
        "loc_trust_score": 0.2857142857142857,
        "loc_tier_code": 1
    },
    "kasoa": {
        "loc_std_dev": 0.7191172337510509,
        "loc_trust_score": 0.8546511627906976,
        "loc_tier_code": 3
    },
    "kokomlemle": {
        "loc_std_dev": 1.1556873995471475,
        "loc_trust_score": 0.10714285714285714,
        "loc_tier_code": 1
    },
    "korle gonno": {
        "loc_std_dev": 1.1869759608671686,
        "loc_trust_score": 0.0196078431372549,
        "loc_tier_code": 1
    },
    "kotobabi": {
        "loc_std_dev": 1.0788998981852,
        "loc_trust_score": 0.1935483870967742,
        "loc_tier_code": 1
    },
    "kwashieman": {
        "loc_std_dev": 1.1036833605417438,
        "loc_trust_score": 0.23076923076923078,
        "loc_tier_code": 1
    },
    "labadi": {
        "loc_std_dev": 0.9888608204431286,
        "loc_trust_score": 0.5798319327731093,
        "loc_tier_code": 2
    },
    "labone": {
        "loc_std_dev": 0.6429751530884334,
        "loc_trust_score": 1.0,
        "loc_tier_code": 3
    },
    "lapaz": {
        "loc_std_dev": 0.8602892501096531,
        "loc_trust_score": 0.6240601503759399,
        "loc_tier_code": 2
    },
    "lartebiokorshie": {
        "loc_std_dev": 1.182746101009452,
        "loc_trust_score": 0.18032786885245902,
        "loc_tier_code": 1
    },
    "madina": {
        "loc_std_dev": 1.02336487562134,
        "loc_trust_score": 0.5867768595041323,
        "loc_tier_code": 2
    },
    "mamprobi": {
        "loc_std_dev": 1.1023044778738817,
        "loc_trust_score": 0.16666666666666666,
        "loc_tier_code": 1
    },
    "mataheko": {
        "loc_std_dev": 1.158367872717408,
        "loc_trust_score": 0.09090909090909091,
        "loc_tier_code": 1
    },
    "mccarthy hill": {
        "loc_std_dev": 1.102326525736721,
        "loc_trust_score": 0.20634920634920634,
        "loc_tier_code": 1
    },
    "nii boi town": {
        "loc_std_dev": 1.1396862526455265,
        "loc_trust_score": 0.07407407407407407,
        "loc_tier_code": 1
    },
    "nima": {
        "loc_std_dev": 1.153474262583428,
        "loc_trust_score": 0.038461538461538464,
        "loc_tier_code": 1
    },
    "ningo prampram": {
        "loc_std_dev": 1.065102389905908,
        "loc_trust_score": 0.2753623188405797,
        "loc_tier_code": 1
    },
    "nkrumah circle": {
        "loc_std_dev": 1.1629838927058243,
        "loc_trust_score": 0.05660377358490566,
        "loc_tier_code": 1
    },
    "north industrial area": {
        "loc_std_dev": 1.1070540381351663,
        "loc_trust_score": 0.3333333333333333,
        "loc_tier_code": 1
    },
    "north legon": {
        "loc_std_dev": 0.9046954914225749,
        "loc_trust_score": 0.6323529411764706,
        "loc_tier_code": 2
    },
    "nungua central": {
        "loc_std_dev": 0.8842408876203605,
        "loc_trust_score": 0.6527777777777778,
        "loc_tier_code": 2
    },
    "odorkor": {
        "loc_std_dev": 1.179070168027625,