{
    "abelemkpe": 1.186063162692275,
    "ablekuma": 0.7763495079135813,
    "abokobi station": 0.9372256306234175,
    "accra": 1.121997721677226,
    "accra metropolitan": 1.001269599152879,
    "achimota": 1.1012278022597888,
    "adabraka": 1.1869759608671686,
    "adenta": 0.7247259830711019,
    "adjiriganor": 0.9529731993428504,
    "agbogba": 0.8765789828593467,
    "airport residential area": 0.8679067734982703,
    "alajo": 1.075760738208438,
    "amrahia": 1.084311053038889,
    "anyaa market": 1.0122293544074505,
    "ashaiman municipal": 1.0740648937554829,
    "ashaley botwe": 0.8451507854755413,
    "ashomang estate": 0.8204087123786725,
    "asylum down": 1.2113647491802653,
    "awoshie": 0.9690390947334686,
    "burma camp": 1.067956999488104,
    "cantonments": 0.5067603052978433,
    "danfa": 0.9297955553407115,
    "dansoman": 0.9369520175687487,
    "darkuman": 1.1579045041078848,
    "dodowa": 1.0386287131068688,
    "dome market": 0.7473039579811681,
    "dzorwulu": 1.0132763922428702,
    "east legon": 0.9491452707032463,
    "ga east municipal": 1.0060137138424647,
    "ga south municipal": 0.8234427955216024,
    "ga west municipal": 0.8849685454831262,
    "gbawe": 0.8961132400201863,
    "greater accra regional hospital": 0.8655240050723783,
    "haatso": 0.7615979360030828,
    "kaneshie": 1.1778262894387619,
    "kasoa": 0.7191172337510509,
    "kokomlemle": 1.1556873995471475,
    "korle gonno": 1.1869759608671686,
    "kotobabi": 1.0788998981852,
    "kwashieman": 1.1036833605417438,
    "labadi": 0.9888608204431286,
    "labone": 0.6429751530884334,
    "lapaz": 0.8602892501096531,
    "lartebiokorshie": 1.182746101009452,
    "madina": 1.02336487562134,
    "mamprobi": 1.1023044778738817,
    "mataheko": 1.158367872717408,
    "mccarthy hill": 1.102326525736721,
    "nii boi town": 1.1396862526455265,
    "nima": 1.153474262583428,
    "ningo prampram": 1.065102389905908,
    "nkrumah circle": 1.1629838927058243,
    "north industrial area": 1.1070540381351663,
    "north legon": 0.9046954914225749,
    "nungua central": 0.8842408876203605,
    "odorkor": 1.179070168027625,
    "ofankor": 0.8071261207561781,
    "old ashomang": 1.0862053742914068,
    "osu": 1.0879601191435788,
    "oyarifa": 0.7853375082681692,
    "oyibi": 0.905021547340747,
    "pokuase": 0.8404521628785456,
    "roman ridge": 1.1789977207552111,
    "santa maria": 1.106416473807175,
    "sowutwuom": 0.9395362248740547,
    "spintex": 0.9113436157205355,
    "taifa burkina": 1.005866910131075,
    "tantra hills": 0.9190876457175794,
    "tema metropolitan": 0.9710726826573478,
    "tesano": 0.9517219195824178,
    "teshie": 1.1794491941687588,
    "weija": 0.7574824110454297,
    "west legon": 0.9379625843218597
}