{
    "rmse": 0.46066574725175896,
    "mae": 0.3427965505976613,
    "r2": 0.8513924673653693
}